{"cameraMode":{"drawMode":0,"name":"Shaded","section":"Shading Mode"},"sceneLighting":true,"audioPlay":false,"sceneViewState":{"showFog":true,"showMaterialUpdate":false,"showSkybox":true,"showFlares":true,"showImageEffects":true,"showParticleSystems":true},"in2DMode":false,"pivot":{"x":4.818459510803223,"y":-4.569636344909668,"z":7.59669828414917},"rotation":{"x":-0.49937453866004946,"y":-0.008313046768307686,"z":0.004785412456840277,"w":-0.8663471937179565},"size":7.605881690979004,"orthographic":false}