{"cameraMode":{"drawMode":0,"name":"Shaded","section":"Shading Mode"},"sceneLighting":false,"audioPlay":false,"sceneViewState":{"showFog":true,"showMaterialUpdate":false,"showSkybox":false,"showFlares":true,"showImageEffects":true,"showParticleSystems":true},"in2DMode":false,"pivot":{"x":0.0,"y":0.712050199508667,"z":-0.021492421627044679},"rotation":{"x":0.21717210114002229,"y":0.027510711923241617,"z":-0.006117383483797312,"w":0.9757455587387085},"size":1.5670205354690552,"orthographic":false}