{"cameraMode":{"drawMode":0,"name":"Shaded","section":"Shading Mode"},"sceneLighting":false,"audioPlay":false,"sceneViewState":{"showFog":true,"showMaterialUpdate":false,"showSkybox":false,"showFlares":true,"showImageEffects":true,"showParticleSystems":true},"in2DMode":false,"pivot":{"x":0.007245779037475586,"y":1.5961010456085206,"z":-0.05393528938293457},"rotation":{"x":-0.3272038400173187,"y":-0.14518673717975617,"z":0.050918128341436389,"w":-0.9323840737342835},"size":2.0222246646881105,"orthographic":false}