{"cameraMode":{"drawMode":0,"name":"Shaded","section":"Shading Mode"},"sceneLighting":true,"audioPlay":false,"sceneViewState":{"showFog":true,"showMaterialUpdate":false,"showSkybox":true,"showFlares":true,"showImageEffects":true,"showParticleSystems":true},"in2DMode":false,"pivot":{"x":0.9914243221282959,"y":-16.958921432495118,"z":14.630000114440918},"rotation":{"x":0.30121853947639468,"y":-0.014599033631384373,"z":0.004623616114258766,"w":0.9534552097320557},"size":28.470117568969728,"orthographic":false}