{"cameraMode":{"drawMode":0,"name":"Shaded","section":"Shading Mode"},"sceneLighting":true,"audioPlay":false,"sceneViewState":{"showFog":true,"showMaterialUpdate":false,"showSkybox":true,"showFlares":true,"showImageEffects":true,"showParticleSystems":true},"in2DMode":false,"pivot":{"x":5.458610534667969,"y":0.777984619140625,"z":6.539214611053467},"rotation":{"x":0.40333372354507449,"y":0.20574457943439485,"z":-0.09358741343021393,"w":0.8866978883743286},"size":8.157464027404786,"orthographic":false}