{"cameraMode":{"drawMode":0,"name":"Shaded","section":"Shading Mode"},"sceneLighting":true,"audioPlay":false,"sceneViewState":{"showFog":true,"showMaterialUpdate":false,"showSkybox":true,"showFlares":true,"showImageEffects":true,"showParticleSystems":true},"in2DMode":false,"pivot":{"x":11.918704986572266,"y":0.010339736938476563,"z":10.112032890319825},"rotation":{"x":0.7028485536575317,"y":0.002133905654773116,"z":-0.0021085585467517378,"w":0.7113332152366638},"size":11.521339416503907,"orthographic":false}